5-mer	frequency
TTTAA	307
TTAAA	298
TAAAG	524
AAAGA	1260
AAGAG	2454
AGAGA	1227
GAGAC	3292
AGACC	6594
GACCG	10766
ACCGG	10814
CCGGC	35794
CGGCG	48896
GGCGA	28000
GCGAT	12052
CGATT	2761
GATTC	2560
ATTCT	1267
TTCTA	1313
TCTAG	399
CTAGT	241
TAGTG	1007
AGTGA	1360
GTGAA	3761
TGAAA	2496
GAAAT	3773
AAATC	2326
AATCG	2975
ATCGA	9673
TCGAA	8707
CGAAC	12341
GAACG	8228
AACGG	6168
ACGGG	3810
CGGGC	15475
GGGCA	8871
GGCAG	13910
GCAGG	22893
CAGGT	14529
AGGTC	10717
GGTCA	9250
GTCAA	2828
TCAAT	1478
CAATT	1609
AATTT	832
ATTTC	3636
TTTCC	6282
TTCCA	7381
TCCAA	1698
CCAAC	6050
CAACC	7731
AACCA	3684
ACCAG	14614
CCAGC	28592
CAGCG	26108
AGCGA	7944
CGATG	14413
GATGA	6682
ATGAC	3424
TGACG	4842
GACGT	5568
ACGTA	1893
CGTAA	769
GTAAT	856
TAATA	307
AATAG	1062
ATAGA	1415
TAGAT	1222
AGATA	1125
GATAG	2481
GATAC	2553
ATACA	918
TACAA	1600
ACAAG	3744
CAAGG	9267
AAGGA	4403
AGGAA	7496
GGAAG	9340
GAAGT	5968
AAGTC	3473
AGTCA	1203
GTCAT	3518
TCATT	1304
CATTT	1648
ATTTT	986
TTTTT	1904
TTTTC	3367
TTTCT	2309
TTCTT	4219
TCTTT	1247
CTTTT	1979
TTTTA	531
AAAGG	2193
AGGAT	4875
GGATA	2749
TAGAA	1383
AGAAA	2431
GAAAC	4985
AAACG	2599
ACGGT	4923
CGGTT	5539
GGTTA	887
GTTAA	291
TTAAT	264
TAATG	602
AATGC	2857
ATGCT	4771
TGCTC	12045
GCTCT	4901
CTCTT	2689
TCTTG	3386
CTTGG	4846
TTGGG	1944
TGGGA	3012
GGGAC	3730
GGACG	9035
GACGG	9029
ACGGC	13582
GGCGC	36941
GCGCT	20547
CGCTT	7184
GCTTT	3223
TTCTG	3727
TCTGT	1288
CTGTG	2629
TGTGC	3507
GTGCA	5526
TGCAT	3326
GCATA	1778
CATAA	514
ATAAC	964
TAACT	334
AACTC	3815
ACTCG	4851
CTCGA	13240
TCGAT	9450
ATGAA	4399
TGAAG	7258
GAAGC	11578
AAGCC	7949
AGCCC	7521
GCCCA	11642
CCCAG	12359
CAGCA	18890
AGCAA	4852
GCAAT	3389
AATTG	1535
ATTGC	3286
TTGCG	6869
TGCGT	3704
GCGTG	8573
CGTGT	1888
GTGTT	3084
TGTTT	1135
GTTTC	4545
TTCTC	4685
TCTCC	5591
CTCCG	6686
TCCGG	10067
CGGCA	22746
CAGGC	26166
AGGCA	4696
GGCAA	8857
GCAAA	1869
CAAAA	863
AAAAG	1911
AAGGT	4476
AGGTT	4048
GGTTG	7105
GTTGT	3986
TTGTC	3946
TGTCG	8506
GTCGA	15860
TCGAG	12816
CGAGA	7223
GAGAA	4534
AGAAC	5112
GAACC	5798
AACCG	5814
CCGGT	10686
CGGTG	15717
GGTGT	5317
GTGTC	2758
CGAGG	17891
GAGGC	9396
AGGCT	6170
GGCTG	15001
GCTGT	8357
CTGTT	6675
TTCCT	7252
TCCTT	4413
CCTTC	11023
CTTCC	9514
TCCTG	9383
CCTGA	7477
CTGAG	3743
TGAGC	6126
GAGCG	11151
GCGAA	11572
CGAAG	14624
AGCCT	6282
GCCTG	25138
CCTGG	26382
CTGGG	11680
TGGGG	3563
GGGGA	3278
GGGAT	3997
GGATG	7499
TGAAC	5632
AACGA	4095
ACGAG	5015
GAGAT	4396
AGATG	3953
GATGG	9264
ATGGT	4196
TGGTT	3282
GTTAT	946
TTATC	971
TATCC	2764
ATCCA	5290
TCCAC	6614
CCACA	3179
CACAG	2964
ACAGC	8820
AGCGG	13592
GCGGT	14358
GGTTT	3267
GTTTT	1790
CACAC	1683
ACACG	2212
CACGG	7057
CGGCT	14326
GTGCG	7820
TGCGC	19710
GCGCA	19953
CGCAG	16018
CAGGG	13948
AGGGA	2887
GATGT	5355
ATGTA	1606
TGTAC	2658
GTACC	4420
TACCC	2955
ACCCC	4643
CCCCC	2883
CCCCT	3431
CCCTT	4263
CTTCA	7550
TTCAA	2954
TCAAA	695
CAAAG	1368
AAAGC	3428
AAGCA	3093
GCAAG	8333
AAGGG	3889
AGGGT	5907
GGGTT	3828
CACAA	1721
ACAAA	790
AAAGT	907
AGTCC	3884
GTCCA	7174
TCCAG	15683
CCAGG	27549
CAGGA	9748
AGGAC	6847
GACGA	11608
ACGAC	7109
CGACC	18671
ACCGT	4964
CCGTC	8987
CGTCC	9177
GTCCG	7676
TCCGT	2790
CGTCG	19545
GTCGG	13935
TCGGC	30247
CGGCC	29330
GGCCT	18033
CCTGC	23562
CTGCC	13635
TGCCT	4411
CTGCT	16756
TGCTT	3213
TTTAT	618
TTATT	650
TATTA	324
ATTAA	291
TTAAG	280
TAAGG	594
GGTCT	6275
GTCTT	3475
CTTGA	5186
TTGAT	3253
TGATT	1151
GATTT	2216
ATTTG	654
TTTGC	1686
TTGCT	4502
GCTTG	7436
GGGGC	6363
GGGCC	11215
GCCTC	10377
CCTCA	3619
CTCAG	3929
TCAGC	11970
AGCGC	21511
CGCAT	6732
GCATC	11285
CATCG	14740
ATCGG	9045
GGCAT	9636
GCATG	8554
CATGT	3638
ATGTG	1995
TGTGG	2743
GTGGA	6189
TGGAT	4839
GATAA	1029
ATAAG	543
TAAGT	261
GGCCC	11393
GCCCG	16185
CCCGT	3807
GGCTA	3429
GCTAC	5772
CTACA	3123
ACAAT	947
CAATA	1214
ATAGG	1765
TAGGC	3261
AGGCG	19246
GCTTA	633
CTTAT	527
TATTT	937
TTTCG	4307
TTCGT	5532
TCGTT	4051
CGTTG	8439
TTGTG	1543
GTGCC	8550
TGCCG	21429
GCCGC	36735
CCGCC	31102
CGCCT	19776
GCCTT	9923
CCTTT	2236
CTTTC	3817
CCAAT	1835
CAATC	2301
AATCT	1089
ATCTT	3132
CTTTG	1256
TTTGG	769
GGGGG	2506
GATAT	2118
ATATC	2094
ATCCG	7724
CCGTG	6719
TGTCC	5679
CGTGG	8687
TGGAA	7342
GGAAC	7729
GAACT	7444
AACTT	1873
ACTTT	907
TTGGC	6949
TGGCA	5037
GCAGC	21247
AGCAG	16609
GCAGT	5747
CAGTG	3263
AGTGC	3222
GGATC	8515
GATCT	6694
TCTTC	8578
CTTCT	5463
TCCGC	12919
CCGCG	24971
CGCGA	14850
ATGAG	2144
GAGCT	5704
AGCTG	8948
GCTGC	20697
GCCGT	13093
GTCCC	3826
TCCCA	3147
CCCAA	2096
CAACA	4637
AACAA	2604
AATTC	2153
ATTCA	1518
TCAAC	5583
AACAC	3476
ACACC	5831
CACCT	8586
ACCTG	14488
CTGGA	14733
GATCC	8510
TCCCT	2829
CCTTG	9527
CTTGC	8437
TTGCA	3711
TGCAG	10389
GGTCG	18541
AGCCG	14596
GCCGA	29754
CCGAA	8944
GAAGG	10341
AAGGC	9627
GCGAC	16354
CGACG	19934
ACGAA	5854
CGAAT	3614
GAATT	2086
GTGTG	1478
TGTGT	680
GTGTA	1322
TGTAT	794
GTATG	1062
TATGC	1554
ATGCA	3489
TGCAC	5836
GCACC	14602
CACCC	9221
ACCCA	4394
CCGTT	5630
CGTTT	2280
TCGTC	11403
GTCCT	6766
TCCTC	9690
CCTCG	19449
GATTG	2212
ATTGG	1756
TGGGT	4171
GGGTG	8597
GGTGA	10170
AAATA	1077
AATAC	1999
ATACC	3058
TACCT	3895
ACCTC	6772
CTCGG	15551
TCGGT	7408
CGGTC	10611
GGCTT	7644
GCTTC	11213
TCTGG	5527
AACTG	7967
ACTGC	5875
GCTCG	18128
AACGC	8218
ACGCG	7496
CGCGG	24333
GCGGC	35675
GCGAG	14410
GAGGG	5357
GGGTC	8396
GTCAG	5965
TCAGT	2250
CAGTT	7808
AGTTG	5551
GTTGC	10246
TTGCC	8573
TGCCC	9192
CCCGC	15395
CGCGC	31868
CCTTA	604
CAAGC	7213
AAGCG	7311
AGCGT	5184
GCGTA	4121
CGTAG	6218
GTAGC	5980
TAGCC	3687
CCGTA	3318
CGTAC	3617
GTACG	3658
TACGC	4300
ACGCC	16102
CGCCG	49838
GCGCG	31015
GCGCC	38515
CGCCA	24524
GCCAT	10221
CCATC	9773
ATCGT	4647
CCCAT	3911
ATCGC	12078
TCGCA	3686
GCAGA	7039
CAGAC	4171
GACCC	8456
CCCAC	4853
CCACG	9666
CACGT	4093
ACGTG	3793
GTGGC	10742
TGGCT	6429
GGCTC	7515
GCTCC	8219
CTCCC	3825
TCCCC	3745
CCCCG	8067
CCTCC	6894
GCCGG	35012
GCCAG	27561
CCAGT	8142
CAGCC	16249
CGGTA	5508
GGTAT	3059
GTATC	2469
TATCG	3241
GGCCG	28731
CGCCC	20608
GTGGT	7444
TGGTA	3004
GGTAG	6346
GTAGT	3384
TGCCA	5072
GCCAC	12195
CGTGA	3179
GAAGA	8513
AGAGC	4952
GTGAC	3878
CGAGC	17583
CGATC	14647
ATCCC	4221
CCCTA	1475
CCTAC	4317
CTACG	5826
TACGA	2727
GAGCC	7686
CCGGA	10038
CGGAA	7351
AAGAA	4197
AACCC	4258
AGCAT	4848
CCGCT	13540
CGCTG	24757
GCTGG	25885
CTGGC	25658
TGGCC	19541
CCATG	8749
CATGC	8808
ATGCC	9346
TGGAG	7461
GGAGC	7473
GAGCA	11593
CTGCG	15883
TGCGG	10223
GGTGC	13535
CGCAC	8712
CACCG	16725
ACCGA	7709
CCGAG	14915
CGCAA	7106
GCAAC	11133
CAACG	9094
AACGT	2421
ACGTC	5813
AGGTG	7827
GCTGA	11486
CTGAA	5501
AGCAC	8137
GCACA	3803
CACCA	11705
CAGCT	9382
AGCTA	1333
GCTAT	2133
CTATC	2302
TATCT	998
ATCTC	4535
TCTCA	1028
CTCAA	3479
ACCTT	4791
TTCAC	4024
TCACC	10673
CTTCG	14461
TTCGA	8444
ACTTC	6174
AGGGC	12817
CAAGT	1949
GTTGG	5603
GGTGG	13784
TGGCG	22090
GGCGG	29128
GCGGA	12555
CGGAC	7797
GGACA	5800
GACAA	3886
ACAAC	4330
AACCT	4232
TCAAG	4785
GCACG	9672
ACCCG	9679
TGTTC	8916
GTTCC	7266
CCTCT	3023
CTCTA	1848
TCTAC	3776
TACGG	3068
GGCGT	15017
GCGTC	11042
GTCTG	3873
TGGGC	10949
CAAGA	3244
AAGAC	3622
CCACC	15131
CTGAT	7330
TGATG	6482
GATGC	11046
ATGCG	6659
GTGGG	4264
ACCAC	8004
TGCTG	17719
AGAAG	5178
CCCGA	6230
GCCAA	7058
CCAAG	4811
TGGTC	11044
GTCTA	1471
CTACC	6289
CTGCA	10734
GCATT	2925
CATTC	2949
ATTCG	3558
TTCGG	8615
TCGGA	3605
ACGTT	2378
GTCGC	16131
TCGCG	14767
GACAT	4552
ACATG	3696
CATGG	8493
TGGTG	10665
AGGCC	18338
AGCTC	6101
GCTCA	6279
CATCA	6743
ATCAA	3280
TACCG	5363
ACCGC	15181
CGCTC	11866
TGGAC	6800
GACGC	11383
ACGCA	4312
GCACT	3555
CACTG	3484
ACTGT	1473
TGTTG	4285
GTTGA	5545
TGATC	11123
GATCG	14487
TCGAC	16244
CGACA	9022
ACATC	5556
CATCC	8081
AGTTC	7065
GTTCT	4905
TTCGC	11231
TCGCC	29027
GTAAG	630
AGGAG	4918
GGAGG	6059
GAGGA	9139
GGAGT	3192
GAGTT	3526
CAATG	2525
GCCCT	13741
TCTCG	7295
GGCCA	20267
GTGAT	5486
ATCCT	4914
CTCAC	2570
CGCTA	3461
TCCGA	3351
GGAAA	6743
AATCC	2794
TCCCG	6791
CTGAC	5862
ACTGG	8137
AAACC	3493
CCCGG	15289
CCGGG	14664
CGGGT	9205
AAGAT	3017
AGATC	6712
CCGCA	10617
CACGA	4367
ACGAT	4819
TTCAT	4412
TCATC	7023
CGTTC	7795
CGTGC	9359
GCGGG	14688
CCACT	3690
CACTC	2416
CTCGC	15681
CACTT	2570
TCATG	4854
ATGGG	3807
CCGAT	8964
GATCA	11306
ATCAC	5732
ACCAT	4288
CGAGT	4459
GAGTC	2703
AGTCG	6189
TCGCT	7641
GGACC	6631
GACCT	10699
CCTGT	5879
TTCAG	5692
TCAGG	7738
AAGCT	4473
CTGGT	13860
AACAT	2445
GAGTA	1561
AGTAC	3015
GTACT	3071
TACTA	790
ACTAC	3396
ATCTG	4103
GCGTT	7367
GTTCG	11496
ATGGC	9748
CTCTC	2707
CTCCA	8255
TGACC	9196
GACCA	11171
ACCAA	2628
CGGAG	6381
GGAGA	5346
TCGGG	5886
CGGGA	6923
TCACA	815
CACGC	9549
CTGTC	5261
GTCGT	6855
TCGTA	2803
TAAGA	273
CAACT	5634
ACTTA	283
CTTAG	348
TTAGG	265
TAGGG	1429
GGGAA	5063
GGAAT	3440
GAATC	2832
CCGAC	14221
CGGAT	7676
GGACT	3708
GACTA	1941
ACCCT	6174
CCCTG	14291
TGACA	1070
ACTAG	273
CTAGA	414
TAGAC	1596
TTTCA	2467
CCATT	2637
TTGAA	3096
TGCAA	3909
TCGTG	4028
CCAGA	5934
AGACA	1184
ACATT	840
CATTG	2516
GGTTC	5438
TCTCT	1274
GGCAC	8947
TTGGT	2495
CGCGT	7198
GGTAC	4534
TACTG	2310
ATGGA	3934
CATCT	4073
TCTGC	6874
GTGCT	7727
CAGAA	3891
AAACT	1167
GGGCG	18854
TTCCC	4640
CCCCA	4036
GTAGA	3949
TAGAG	1837
AGAGG	2849
GGTCC	6702
CAGAG	3263
AGCTT	4464
CGTTA	912
GTTAC	995
TTACT	505
AAGTG	2333
CGACT	6301
GACTG	4092
CAGAT	4224
CTCGT	5251
CGTCT	3685
CCATA	1366
CATAT	791
TCACT	1388
AAGTT	1834
AAGTA	1445
GTTTG	1120
GAAAA	3425
AAAAT	1001
GAACA	9344
GTACA	2675
CGTCA	4838
AGTTA	358
TTACC	1420
TGTGA	715
TTCCG	7041
ATTCC	3252
AACAG	7001
AATGA	1293
GCCTA	3064
CCTAT	1608
CTATG	1747
TATGT	608
ATGTC	4346
TCTAA	244
CTAAA	285
TAAAC	358
AAACA	1183
ACATA	677
CATAC	1165
ATACT	749
ACTGA	2368
TGAAT	1371
GAATG	2822
AATGT	844
GTCAC	4066
CCCTC	6146
AGCCA	7172
GTTCA	5547
CAGTA	2457
AGTAT	706
TATGA	608
TGAGG	3332
CGTAT	1531
GTATT	1906
TATTC	1933
ATGTT	2498
GGATT	2624
GTGAG	2299
GAGTG	2161
ACTCT	1137
GACAG	5527
GGGAG	3310
ACAGT	1511
AGTGT	757
ACTCC	3432
CTCCT	5370
GGTAA	1445
GTAAA	553
ATTGA	1477
TTGAG	3472
TGAGA	980
CTATA	785
TATAT	500
ACACT	891
TTAGC	480
TAGCT	1287
CTACT	2023
GAGGT	6239
ATACG	1632
TCATA	659
TAACG	981
AGATT	1069
TCTGA	1105
AATGG	2587
AGGTA	4031
AACTA	924
ACTAT	823
CTATT	1027
TATTG	1197
GAAAG	3985
AGACG	3777
ACGGA	3007
TCCAT	4105
AGTCT	1080
GTCTC	3261
TCAGA	1116
CATGA	4914
GACTC	2804
AGGGG	3012
GGGCT	6664
GCCCC	7146
TACAT	1569
GACAC	3111
CACAT	2203
CGAAA	4498
AATCA	1227
ATCAG	7488
TGAGT	1220
GGGGT	4379
ATCAT	3609
ACCTA	1361
ACAGG	6211
TACCA	2974
AGTGG	3425
CTCTG	3091
GTAAC	1050
TAACC	966
AGACT	1126
TACTT	1510
GACTT	3441
AGAAT	1284
ATGAT	3530
CAAAC	1203
CTGTA	2432
TGACT	1143
ACGCT	5540
GAATA	1969
TTGAC	3087
ATCTA	1084
TTGTA	1623
AGAGT	1080
CAGTC	4122
CGGGG	7445
GCTAA	417
CTAAC	301
TTGGA	1586
TACGT	1795
CGATA	3464
CTCAT	2301
TTTTG	857
TACTC	1738
AAAAC	1896
TATGG	1341
TCACG	3516
GTTTA	332
TTTAG	278
GGGTA	2841
ACTTG	2030
GAGAG	2554
TAGCG	3661
TAAAA	520
CTTAC	668
AGTAA	476
AATAT	781
TATCA	833
TACAC	1438
CTTTA	561
TTTAC	579
ACAGA	1460
ATAGC	2327
TGTAA	399
TAATC	626
AATAA	725
ATAAT	521
TGTCT	1040
TGCGA	3594
TAAGC	607
AAAAA	2050
CTTGT	3910
TACAG	2510
TGTAG	3132
CATAG	2010
ATAGT	857
TAGTC	2058
ATATT	808
TTTGT	732
TTGTT	2457
GTAGG	4341
TAGTA	692
AGTAG	1958
TATAC	640
CACTA	1054
ATTGT	941
CTAGG	544
TAGGT	1379
TAGCA	870
TAGTT	911
AAATT	825
GTATA	653
TTATG	535
GATTA	617
ATTAC	858
TGCTA	779
TTACG	774
GCTAG	680
CTAGC	718
CATTA	593
ACTCA	1353
TCTAT	1297
TCCTA	816
TGTCA	1086
TTACA	401
AAATG	1632
TAGGA	846
TTTGA	700
ATATG	767
AGTTT	1105
CTAAG	282
TGATA	843
ATAAA	648
CAAAT	704
CCTAG	565
GTTAG	303
TATAG	811
CTAAT	236
CCAAA	784
TGTTA	378
CTTAA	281
TTAAC	328
TAACA	362
TAATT	342
ATATA	521
TTATA	400
ACTAA	217
TATAA	408
ATTAT	465
ATTTA	357
AATTA	342
ATTAG	262
TTAGA	260
TAAAT	382
ACACA	774
TTAGT	186
TCTTA	304
CCTAA	226
